0.02395691609977357, 0.0, 24.784732154531998
0.03395691609977357, 0.0, 24.784732154531998
0.03495691609977358, 0.0, 24.784732154531998
0.04295691609977358, 0.0, 20.544992491745862
0.04395691609977357, 0.0, 14.683149395447577
0.05095691609977358, 0.0, 14.683149395447577
0.05395691609977357, 0.0, 12.297713820224239
0.05895691609977358, 0.0, 12.297713820224239
0.06395691609977357, 0.0, 9.857782843236416
0.06695691609977358, 0.0, 9.857782843236416
0.07395691609977358, 0.0, 8.098705224893077
0.07495691609977359, 0.0, 8.098705224893077
0.08295691609977358, 0.0, 5.533565736637347
0.08395691609977357, 0.0, 3.6637616300957596
0.09095691609977358, 0.0, 3.6637616300957596
0.09395691609977358, 0.0, 4.5171423671998205
0.09895691609977358, 0.0, 4.5171423671998205
0.10395691609977357, 0.0, 4.865012806507866
0.10695691609977359, 0.0, 4.865012806507866
0.11395691609977357, 0.0, 4.37199302753811
0.11495691609977358, 0.0, 4.37199302753811
0.12295691609977358, 0.0, 3.8988294669239614
0.12395691609977358, 0.0, 2.7731415938977984
0.13095691609977358, 0.0, 2.7731415938977984
0.13395691609977356, 0.0, 1.7091035247103954
0.1389569160997736, 0.0, 1.7091035247103954
0.14395691609977357, 0.0, 2.245595148257822
0.14695691609977357, 0.0, 2.245595148257822
0.15395691609977358, 0.0, 3.3288143793364804
0.15495691609977358, 0.0, 3.3288143793364804
0.16295691609977359, 0.0, 2.974977149601669
0.1639569160997736, 0.0, 1.6357839645493324
0.1709569160997736, 0.0, 1.6357839645493324
0.17395691609977357, 0.0, 1.639631942328093
0.1789569160997736, 0.0, 1.639631942328093
0.18395691609977358, 0.0, 2.338447049626979
0.18695691609977358, 0.0, 2.338447049626979
0.19395691609977359, 0.0, 3.2604724728497563
0.1949569160997736, 0.0, 3.2604724728497563
0.2029569160997736, 0.0, 4.45848637937734
0.20395691609977357, 0.0, 4.456878592105681
0.21095691609977357, 0.0, 4.456878592105681
0.21395691609977358, 0.0, 3.247344006346599
0.21895691609977358, 0.0, 3.247344006346599
0.22395691609977358, 0.0, 3.1097561583764035
0.2269569160997736, 0.0, 3.1097561583764035
0.23395691609977357, 0.0, 3.800410665165872
0.2349569160997736, 0.0, 3.800410665165872
0.2429569160997736, 0.0, 3.9399170089205207
0.24395691609977357, 0.0, 4.748549562603588
0.25095691609977355, 0.0, 4.748549562603588
0.25395691609977356, 0.0, 5.718824208196429
0.25895691609977356, 0.0, 5.718824208196429
0.26395691609977356, 0.0, 8.30489768596719
0.26695691609977357, 0.0, 8.30489768596719
0.2739569160997736, 0.0, 15.326878971125435
0.2749569160997736, 0.0, 15.326878971125435
0.2829569160997736, 0.0, 18.193434633327826
0.2839569160997736, 0.0, 16.052500588951006
0.2909569160997736, 0.0, 16.052500588951006
0.2939569160997736, 0.0, 10.942229118286766
0.2989569160997736, 0.0, 10.942229118286766
0.3039569160997736, 0.0, 10.56022606426498
0.3069569160997736, 0.0, 10.56022606426498
0.31395691609977355, 0.0, 9.901823005115741
0.3149569160997736, 0.0, 9.901823005115741
0.3229569160997736, 0.0, 7.571493672224171
0.32395691609977356, 0.0, 6.597258113836663
0.33095691609977357, 0.0, 6.597258113836663
0.33395691609977357, 0.0, 6.6862549890274465
0.3389569160997736, 0.0, 6.6862549890274465
0.3439569160997736, 0.0, 7.374611424410871
0.3469569160997736, 0.0, 7.374611424410871
0.3539569160997736, 0.0, 7.93658844325469
0.3549569160997736, 0.0, 7.93658844325469
0.3629569160997736, 0.0, 7.948073156473187
0.3639569160997736, 0.0, 7.391173595409145
0.3709569160997736, 0.0, 7.391173595409145
0.3739569160997736, 0.0, 7.428148070125329
0.3789569160997736, 0.0, 7.428148070125329
0.38395691609977356, 0.0, 7.864965105265055
0.38695691609977356, 0.0, 7.864965105265055
0.39395691609977357, 0.0, 7.312872628907794
0.39495691609977357, 0.0, 7.312872628907794
0.4029569160997736, 0.0, 6.179729549345789
0.4039569160997736, 0.0, 5.770078433261605
0.4109569160997736, 0.0, 5.770078433261605
0.4139569160997736, 0.0, 6.370072804052458
0.4189569160997736, 0.0, 6.370072804052458
0.4239569160997736, 0.0, 6.310561913166815
0.4269569160997736, 0.0, 6.310561913166815
0.4339569160997736, 0.0, 6.384994920627487
0.4349569160997736, 0.0, 6.384994920627487
0.4429569160997736, 0.0, 6.900335878418929
0.44395691609977356, 0.0, 6.8444260612545165
0.4509569160997736, 0.0, 6.8444260612545165
0.45395691609977357, 0.0, 6.460458243504432
0.45895691609977357, 0.0, 6.460458243504432
0.4639569160997736, 0.0, 6.1194536511270226
0.4669569160997736, 0.0, 6.1194536511270226
0.4739569160997736, 0.0, 5.62643191179122
0.4749569160997736, 0.0, 5.62643191179122
0.4829569160997736, 0.0, 6.1795353309252885
0.4839569160997736, 0.0, 7.383255562979248
0.4909569160997736, 0.0, 7.383255562979248
0.4939569160997736, 0.0, 7.642501400713366
0.4989569160997736, 0.0, 7.642501400713366
0.5039569160997736, 0.0, 6.8645420506645225
0.5069569160997736, 0.0, 6.8645420506645225
0.5139569160997736, 0.0, 5.659667701528768
0.5149569160997736, 0.0, 5.659667701528768
0.5229569160997736, 0.0, 4.926800704065367
0.5239569160997736, 0.0, 6.10079799254434
0.5309569160997736, 0.0, 6.10079799254434
0.5339569160997736, 0.0, 7.889432027771354
0.5389569160997736, 0.0, 7.889432027771354
0.5439569160997736, 0.0, 7.804915540830698
0.5469569160997736, 0.0, 7.804915540830698
0.5539569160997736, 0.0, 6.232283199323362
0.5549569160997736, 0.0, 6.232283199323362
0.5629569160997736, 0.0, 5.002666131193264
0.5639569160997736, 0.0, 4.975520222287239
0.5709569160997736, 0.0, 4.975520222287239
0.5739569160997736, 0.0, 5.219510944278788
0.5789569160997736, 0.0, 5.219510944278788
0.5839569160997736, 0.0, 5.8142819132967745
0.5869569160997736, 0.0, 5.8142819132967745
0.5939569160997736, 0.0, 6.696857812913346
0.5949569160997736, 0.0, 6.696857812913346
0.6029569160997736, 0.0, 6.748632099820476
0.6039569160997735, 0.0, 6.25047994773098
0.6109569160997737, 0.0, 6.25047994773098
0.6139569160997735, 0.0, 6.374883886279243
0.6189569160997735, 0.0, 6.374883886279243
0.6239569160997736, 0.0, 7.007856474212053
0.6269569160997736, 0.0, 7.007856474212053
0.6339569160997736, 0.0, 7.228280938507504
0.6349569160997736, 0.0, 7.228280938507504
0.6429569160997736, 0.0, 7.503748125211108
0.6439569160997736, 0.0, 8.280542588484352
0.6509569160997736, 0.0, 8.280542588484352
0.6539569160997736, 0.0, 8.099284344141601
0.6589569160997736, 0.0, 8.099284344141601
0.6639569160997736, 0.0, 6.126286509653333
0.6669569160997736, 0.0, 6.126286509653333
0.6739569160997736, 0.0, 3.959740052871915
0.6749569160997736, 0.0, 3.959740052871915
0.6829569160997736, 0.0, 4.075524405905048
0.6839569160997736, 0.0, 4.427981512084101
0.6909569160997736, 0.0, 4.427981512084101
0.6939569160997736, 0.0, 3.956351791928734
0.6989569160997736, 0.0, 3.956351791928734
0.7039569160997736, 0.0, 4.064744129001646
0.7069569160997736, 0.0, 4.064744129001646
0.7139569160997736, 0.0, 4.4665006418455855
0.7149569160997736, 0.0, 4.4665006418455855
0.7229569160997736, 0.0, 5.776041594159114
0.7239569160997736, 0.0, 24.343785794873945
0.7309569160997736, 0.0, 24.343785794873945
0.7339569160997735, 0.0, 40.00767952333349
0.7389569160997735, 0.0, 40.00767952333349
0.7439569160997735, 0.0, 48.5636524455995
0.7469569160997735, 0.0, 48.5636524455995
0.7539569160997736, 0.0, 52.72621642522453
0.7549569160997736, 0.0, 52.72621642522453
0.7629569160997736, 0.0, 54.13489402588455
0.7639569160997736, 0.0, 53.80901741801628
0.7709569160997736, 0.0, 53.80901741801628
0.7739569160997736, 0.0, 55.446123916782604
0.7789569160997736, 0.0, 55.446123916782604
0.7839569160997736, 0.0, 57.25464048265494
0.7869569160997736, 0.0, 57.25464048265494
0.7939569160997736, 0.0, 55.68908296490535
0.7949569160997736, 0.0, 55.68908296490535
0.8029569160997736, 0.0, 53.174350858712444
0.8039569160997736, 0.0, 52.75657349073466
0.8109569160997736, 0.0, 52.75657349073466
0.8139569160997736, 0.0, 52.19875004169353
0.8189569160997736, 0.0, 52.19875004169353
0.8239569160997736, 0.0, 51.377644187372375
0.8269569160997736, 0.0, 51.377644187372375
0.8339569160997736, 0.0, 50.226704165300546
0.8349569160997736, 0.0, 50.226704165300546
0.8429569160997736, 0.0, 48.47579158610296
0.8439569160997736, 0.0, 45.27419108294717
0.8509569160997736, 0.0, 45.27419108294717
0.8539569160997736, 0.0, 40.206974212153845
0.8589569160997736, 0.0, 40.206974212153845
0.8639569160997735, 0.0, 34.84313888852093
0.8669569160997737, 0.0, 34.84313888852093
0.8739569160997736, 0.0, 30.932298041648675
0.8749569160997736, 0.0, 30.932298041648675
0.8829569160997736, 0.0, 28.427926088125638
0.8839569160997736, 0.0, 25.842165695131737
0.8909569160997736, 0.0, 25.842165695131737
0.8939569160997736, 0.0, 22.514534450321694
0.8989569160997736, 0.0, 22.514534450321694
0.9039569160997736, 0.0, 18.31489341500643
0.9069569160997736, 0.0, 18.31489341500643
0.9139569160997736, 0.0, 14.063468158475645
0.9149569160997736, 0.0, 14.063468158475645
0.9229569160997736, 0.0, 10.206367140199292
0.9239569160997736, 0.0, 7.75665774748314
0.9309569160997736, 0.0, 7.75665774748314
0.9339569160997736, 0.0, 6.324296761242518
0.9389569160997736, 0.0, 6.324296761242518
0.9439569160997736, 0.0, 4.874220375213606
0.9469569160997736, 0.0, 4.874220375213606
0.9539569160997736, 0.0, 4.629719104230176
0.9549569160997736, 0.0, 4.629719104230176
0.9629569160997736, 0.0, 4.684866920525751
0.9639569160997736, 0.0, 4.184384347471451
0.9709569160997736, 0.0, 4.184384347471451
0.9739569160997736, 0.0, 2.6748633908093
0.9789569160997736, 0.0, 2.6748633908093
0.9839569160997735, 0.0, 2.150005917065247
0.9869569160997737, 0.0, 2.150005917065247
0.9939569160997735, 0.0, 3.8926366362612104
0.9949569160997735, 0.0, 3.8926366362612104
1.0029569160997736, 0.0, 4.710128032122627
1.0039569160997734, 0.0, 4.579536490064598
1.0109569160997736, 0.0, 4.579536490064598
1.0139569160997735, 0.0, 4.6478225430706575
1.0189569160997736, 0.0, 4.6478225430706575
1.0239569160997735, 0.0, 4.365301999507133
1.0269569160997736, 0.0, 4.365301999507133
1.0339569160997735, 0.0, 22.011454064387937
1.0349569160997736, 0.0, 22.011454064387937
1.0429569160997736, 0.0, 40.421125547768064
1.0439569160997735, 0.0, 51.30990334800964
1.0509569160997736, 0.0, 51.30990334800964
1.0539569160997735, 0.0, 57.141339544695555
1.0589569160997736, 0.0, 57.141339544695555
1.0639569160997735, 0.0, 59.48576342110731
1.0669569160997736, 0.0, 59.48576342110731
1.0739569160997735, 0.0, 60.062047357648545
1.0749569160997736, 0.0, 60.062047357648545
1.0829569160997736, 0.0, 59.35104040108377
1.0839569160997735, 0.0, 58.02971403598526
1.0909569160997736, 254.9701423348353, 58.02971403598526
1.0939569160997735, 254.9701423348353, 57.240960817481906
1.0989569160997736, 256.7527605866843, 57.240960817481906
1.1039569160997735, 256.7527605866843, 56.30994235910631
1.1069569160997736, 253.05683364695219, 56.30994235910631
1.1139569160997735, 253.05683364695219, 55.248076377838025
1.1149569160997737, 251.57360225941525, 55.248076377838025
1.1229569160997737, 251.57360225941525, 54.61030465560272
1.1239569160997736, 251.57360225941525, 54.44645916036527
1.1309569160997737, 251.91429419581326, 54.44645916036527
1.1339569160997736, 251.91429419581326, 54.00541978884267
1.1389569160997737, 254.03354021463076, 54.00541978884267
1.1439569160997736, 254.03354021463076, 53.68884039160995
1.1469569160997737, 254.73725777613805, 53.68884039160995
1.1539569160997736, 254.73725777613805, 53.52980099188681
1.1549569160997737, 255.7085663568854, 53.52980099188681
1.1629569160997737, 255.7085663568854, 53.401255195782404
1.1639569160997736, 255.7085663568854, 53.5076565745812
1.1709569160997737, 258.38884943466206, 53.5076565745812
1.1739569160997736, 258.38884943466206, 53.54396769901295
1.1789569160997737, 261.932516143474, 53.54396769901295
1.1839569160997734, 261.932516143474, 53.63919419729788
1.1869569160997737, 271.39802701536837, 53.63919419729788
1.1939569160997734, 271.39802701536837, 54.14606025059597
1.1949569160997735, 275.022517603843, 54.14606025059597
1.2029569160997735, 275.022517603843, 54.534841355228956
1.2039569160997734, 275.022517603843, 54.78314577702885
1.2109569160997735, 277.7525417532913, 54.78314577702885
1.2139569160997734, 277.7525417532913, 55.46766478606122
1.2189569160997735, 280.14286738656153, 55.46766478606122
1.2239569160997734, 280.14286738656153, 56.22073112219704
1.2269569160997735, 281.61278221583194, 56.22073112219704
1.2339569160997734, 281.61278221583194, 56.51931464225363
1.2349569160997735, 282.6204971466212, 56.51931464225363
1.2429569160997735, 282.6204971466212, 56.364583195326276
1.2439569160997734, 282.6204971466212, 55.79772184176782
1.2509569160997736, 280.53671763170786, 55.79772184176782
1.2539569160997734, 280.53671763170786, 54.892371373386794
1.2589569160997736, 277.27048022934696, 54.892371373386794
1.2639569160997735, 277.27048022934696, 54.18276970283958
1.2669569160997736, 275.46119644781345, 54.18276970283958
1.2739569160997735, 275.46119644781345, 53.89482612638821
1.2749569160997736, 272.4001733053334, 53.89482612638821
1.2829569160997736, 272.4001733053334, 53.570732279363334
1.2839569160997735, 272.4001733053334, 53.3307524800595
1.2909569160997736, 269.7684437721328, 53.3307524800595
1.2939569160997735, 269.7684437721328, 53.73474098473856
1.2989569160997736, 269.5208751246857, 53.73474098473856
1.3039569160997735, 269.5208751246857, 54.07185284823423
1.3069569160997736, 266.7095226323782, 54.07185284823423
1.3139569160997735, 266.7095226323782, 53.958507345755855
1.3149569160997736, 263.8730587852519, 53.958507345755855
1.3229569160997736, 263.8730587852519, 53.67237427493568
1.3239569160997735, 263.8730587852519, 53.355131393037496
1.3309569160997736, 260.8640492438346, 53.355131393037496
1.3339569160997735, 260.8640492438346, 52.77148024349592
1.3389569160997736, 258.93195533191863, 52.77148024349592
1.3439569160997735, 258.93195533191863, 51.445707021091785
1.3469569160997736, 256.91399581030305, 51.445707021091785
1.3539569160997735, 256.91399581030305, 49.849455654465196
1.3549569160997736, 254.2705404226629, 49.849455654465196
1.3629569160997737, 254.2705404226629, 50.01750734848467
1.3639569160997735, 254.2705404226629, 51.02612312785152
1.3709569160997737, 252.06262890685102, 51.02612312785152
1.3739569160997736, 252.06262890685102, 51.440004716926225
1.3789569160997737, 250.7122421145225, 51.440004716926225
1.3839569160997736, 250.7122421145225, 51.01182475663174
1.3869569160997737, 247.57543843566248, 51.01182475663174
1.3939569160997736, 247.57543843566248, 49.56599556794189
1.3949569160997737, 244.214960912723, 49.56599556794189
1.4029569160997737, 244.214960912723, 47.61997662886305
1.4039569160997736, 244.214960912723, 47.495929923569136
1.4109569160997737, 244.14630137754054, 47.495929923569136
1.4139569160997736, 244.14630137754054, 48.96089509544824
1.4189569160997737, 244.7307612778915, 48.96089509544824
1.4239569160997736, 244.7307612778915, 49.364012035120496
1.4269569160997737, 245.28611095434022, 49.364012035120496
1.4339569160997734, 245.28611095434022, 48.92881255815534
1.4349569160997737, 244.64617882626086, 48.92881255815534
1.4429569160997735, 244.64617882626086, 48.165538094388786
1.4439569160997734, 244.64617882626086, 47.10240985710814
1.4509569160997735, 243.32851495978545, 47.10240985710814
1.4539569160997734, 243.32851495978545, 45.575182870993686
1.4589569160997735, 241.60795475756717, 45.575182870993686
1.4639569160997734, 241.60795475756717, 44.036781225423375
1.4669569160997735, 0.0, 44.036781225423375
1.4739569160997734, 0.0, 44.184181733410924
1.4749569160997735, 0.0, 44.184181733410924
1.4829569160997735, 0.0, 46.35983974899485
1.4839569160997734, 0.0, 49.68441442059141
1.4909569160997735, 0.0, 49.68441442059141
1.4939569160997734, 0.0, 52.540667411999834
1.4989569160997736, 0.0, 52.540667411999834
1.5039569160997734, 0.0, 54.407596254342565
1.5069569160997736, 0.0, 54.407596254342565
1.5139569160997735, 0.0, 55.77577612309046
1.5149569160997736, 0.0, 55.77577612309046
1.5229569160997736, 0.0, 55.46962217028344
1.5239569160997735, 0.0, 53.541596009467234
1.5309569160997736, 0.0, 53.541596009467234
1.5339569160997735, 0.0, 52.11054224237002
1.5389569160997736, 0.0, 52.11054224237002
1.5439569160997735, 0.0, 51.71883680727546
1.5469569160997736, 0.0, 51.71883680727546
1.5539569160997735, 0.0, 50.12034694672204
1.5549569160997736, 0.0, 50.12034694672204
1.5629569160997736, 0.0, 46.21454099435179
1.5639569160997735, 0.0, 40.42445810661101
1.5709569160997736, 0.0, 40.42445810661101
1.5739569160997735, 0.0, 35.273413870647516
1.5789569160997736, 0.0, 35.273413870647516
1.5839569160997735, 0.0, 35.839670091897
1.5869569160997736, 0.0, 35.839670091897
1.5939569160997735, 0.0, 44.90899797929054
1.5949569160997736, 0.0, 44.90899797929054
1.6029569160997736, 0.0, 50.500507500166535
1.6039569160997735, 0.0, 51.419405541185775
1.6109569160997737, 0.0, 51.419405541185775
1.6139569160997735, 0.0, 48.15193029640408
1.6189569160997737, 0.0, 48.15193029640408
1.6239569160997736, 0.0, 43.98973208463702
1.6269569160997737, 0.0, 43.98973208463702
1.6339569160997736, 0.0, 45.539768788098776
1.6349569160997737, 0.0, 45.539768788098776
1.6429569160997737, 0.0, 46.441466090511426
1.6439569160997736, 0.0, 47.079378295207555
1.6509569160997737, 238.28586957042583, 47.079378295207555
1.6539569160997736, 238.28586957042583, 48.843908135423845
1.6589569160997737, 238.71301100281977, 48.843908135423845
1.6639569160997736, 238.71301100281977, 50.151876833246966
1.6669569160997737, 237.69735034651163, 50.151876833246966
1.6739569160997736, 237.69735034651163, 50.6508772344311
1.6749569160997737, 236.7857712279398, 50.6508772344311
1.6829569160997737, 236.7857712279398, 50.56134603938009
1.6839569160997736, 236.7857712279398, 50.39689952741072
1.6909569160997737, 236.480146518334, 50.39689952741072
1.6939569160997734, 236.480146518334, 50.60193015110781
1.6989569160997737, 235.7461337222967, 50.60193015110781
1.7039569160997734, 235.7461337222967, 50.50866057999528
1.7069569160997735, 235.9533870905675, 50.50866057999528
1.7139569160997734, 235.9533870905675, 49.90837443057149
1.7149569160997735, 236.14332595695447, 49.90837443057149
1.7229569160997735, 236.14332595695447, 49.11604614201231
1.7239569160997734, 236.14332595695447, 48.18775121615665
1.7309569160997735, 236.89680167822013, 48.18775121615665
1.7339569160997734, 236.89680167822013, 47.070013761597174
1.7389569160997735, 234.48990087787314, 47.070013761597174
1.7439569160997734, 234.48990087787314, 46.07419404886616
1.7469569160997735, 234.02685508679332, 46.07419404886616
1.7539569160997734, 234.02685508679332, 45.1713599023155
1.7549569160997736, 233.67078610143008, 45.1713599023155
1.7629569160997736, 233.67078610143008, 44.23940045858572
1.7639569160997735, 233.67078610143008, 43.0375129556423
1.7709569160997736, 232.98198663338084, 43.0375129556423
1.7739569160997735, 232.98198663338084, 41.37890404719479
1.7789569160997736, 232.81432243957198, 41.37890404719479
1.7839569160997735, 232.81432243957198, 39.25322384110921
1.7869569160997736, 231.6981575275049, 39.25322384110921
1.7939569160997735, 231.6981575275049, 36.65374598626708
1.7949569160997736, 0.0, 36.65374598626708
1.8029569160997736, 0.0, 33.32421374964725
1.8039569160997735, 0.0, 31.24378338793253
1.8109569160997736, 0.0, 31.24378338793253
1.8139569160997735, 0.0, 33.392889966418274
1.8189569160997736, 0.0, 33.392889966418274
1.8239569160997735, 0.0, 35.47708645569823
1.8269569160997736, 0.0, 35.47708645569823
1.8339569160997735, 0.0, 35.628472127912126
1.8349569160997736, 0.0, 35.628472127912126
1.8429569160997736, 0.0, 32.77803167044378
1.8439569160997735, 0.0, 28.070280789186107
1.8509569160997736, 0.0, 28.070280789186107
1.8539569160997735, 0.0, 24.64155970395632
1.8589569160997736, 0.0, 24.64155970395632
1.8639569160997735, 0.0, 22.92641906320234
1.8669569160997737, 0.0, 22.92641906320234
1.8739569160997736, 0.0, 22.358469578477713
1.8749569160997737, 0.0, 22.358469578477713
1.8829569160997737, 0.0, 26.26856070821112
1.8839569160997736, 0.0, 35.5232650286855
1.8909569160997737, 0.0, 35.5232650286855
1.8939569160997736, 0.0, 42.24487679051653
1.8989569160997737, 0.0, 42.24487679051653
1.9039569160997736, 0.0, 48.57795084108392
1.9069569160997737, 0.0, 48.57795084108392
1.9139569160997736, 0.0, 54.12805580626586
1.9149569160997737, 0.0, 54.12805580626586
1.9229569160997737, 0.0, 56.864405175810504
1.9239569160997736, 0.0, 56.425654925009916
1.9309569160997737, 0.0, 56.425654925009916
1.9339569160997736, 0.0, 53.66866176147759
1.9389569160997737, 0.0, 53.66866176147759
1.9439569160997734, 0.0, 51.70380577754615
1.9469569160997737, 0.0, 51.70380577754615
1.9539569160997734, 0.0, 51.44037299384585
1.9549569160997735, 0.0, 51.44037299384585
1.9629569160997735, 0.0, 51.31163254784291
1.9639569160997734, 0.0, 51.34198316281789
1.9709569160997735, 0.0, 51.34198316281789
1.9739569160997734, 0.0, 51.669268390966685
1.9789569160997735, 0.0, 51.669268390966685
1.9839569160997734, 0.0, 52.55636206364169
1.9869569160997735, 0.0, 52.55636206364169
1.9939569160997734, 0.0, 54.58222963646819
1.9949569160997735, 0.0, 54.58222963646819
2.0029569160997736, 0.0, 56.745100224363505
2.0039569160997734, 0.0, 58.05461678703337
2.0109569160997736, 0.0, 58.05461678703337
2.0139569160997737, 0.0, 58.546859120549605
2.0189569160997736, 0.0, 58.546859120549605
2.0239569160997735, 0.0, 57.87957644935386
2.0269569160997736, 0.0, 57.87957644935386
2.0339569160997737, 0.0, 56.87640493572074
2.0349569160997736, 0.0, 56.87640493572074
2.0429569160997736, 0.0, 57.192536343212936
2.0439569160997735, 0.0, 58.13605851786097
2.0509569160997736, 0.0, 58.13605851786097
2.0539569160997737, 0.0, 58.68811579784734
2.0589569160997736, 0.0, 58.68811579784734
2.0639569160997735, 0.0, 58.632021152481386
2.0669569160997736, 0.0, 58.632021152481386
2.0739569160997733, 0.0, 57.927521340973904
2.0749569160997736, 0.0, 57.927521340973904
2.0829569160997736, 0.0, 56.78510832766888
2.0839569160997735, 0.0, 55.940187516131346
2.0909569160997736, 0.0, 55.940187516131346
2.0939569160997733, 0.0, 55.71296808444419
2.0989569160997736, 0.0, 55.71296808444419
2.1039569160997735, 0.0, 54.840659186826606
2.1069569160997736, 0.0, 54.840659186826606
2.1139569160997733, 0.0, 51.46259072019375
2.1149569160997737, 0.0, 51.46259072019375
2.1229569160997737, 0.0, 46.06369064393299
2.1239569160997736, 0.0, 45.091841456778916
2.1309569160997737, 0.0, 45.091841456778916
2.1339569160997733, 0.0, 46.53338130493183
2.1389569160997737, 0.0, 46.53338130493183
2.1439569160997736, 0.0, 47.59870744772773
2.1469569160997737, 242.9545194165093, 47.59870744772773
2.1539569160997734, 242.9545194165093, 48.84037003516294
2.1549569160997737, 244.02176400049152, 48.84037003516294
2.1629569160997737, 244.02176400049152, 49.54148277783112
2.1639569160997736, 244.02176400049152, 49.81617537938489
2.1709569160997737, 246.1447346514438, 49.81617537938489
2.1739569160997734, 246.1447346514438, 49.735770381426846
2.1789569160997737, 246.87413490960466, 49.735770381426846
2.1839569160997736, 246.87413490960466, 49.437130976990524
2.1869569160997737, 247.88287652578958, 49.437130976990524
2.1939569160997734, 247.88287652578958, 49.11739059280891
2.1949569160997737, 249.0180151950401, 49.11739059280891
2.2029569160997737, 249.0180151950401, 48.79102144685548
2.2039569160997736, 249.0180151950401, 48.729684863908
2.2109569160997737, 253.74551857217045, 48.729684863908
2.2139569160997734, 253.74551857217045, 48.480447166998744
2.2189569160997737, 254.89784315726965, 48.480447166998744
2.2239569160997736, 254.89784315726965, 48.41944445615063
2.2269569160997738, 256.60096676704444, 48.41944445615063
2.2339569160997734, 256.60096676704444, 48.744326654508406
2.2349569160997738, 256.7737725598233, 48.744326654508406
2.2429569160997738, 256.7737725598233, 49.03748220900589
2.2439569160997737, 256.7737725598233, 49.351431908769435
2.2509569160997738, 255.44600133226444, 49.351431908769435
2.2539569160997734, 255.44600133226444, 49.47982061784744
2.258956916099774, 252.40182304218828, 49.47982061784744
2.2639569160997737, 252.40182304218828, 49.433622385924224
2.266956916099774, 248.68089675309088, 49.433622385924224
2.2739569160997735, 248.68089675309088, 49.18040879329383
2.274956916099774, 0.0, 49.18040879329383
2.282956916099774, 0.0, 48.24998221581459
2.2839569160997737, 0.0, 47.146600230685564
2.290956916099774, 0.0, 47.146600230685564
2.2939569160997735, 0.0, 46.24730135860883
2.298956916099774, 0.0, 46.24730135860883
2.3039569160997737, 0.0, 45.118601688602595
2.306956916099774, 0.0, 45.118601688602595
2.3139569160997735, 0.0, 44.414207675860894
2.314956916099774, 0.0, 44.414207675860894
2.322956916099774, 0.0, 45.34895495394317
2.3239569160997737, 0.0, 45.49978543992772
2.330956916099774, 0.0, 45.49978543992772
2.3339569160997735, 0.0, 43.77672863917813
2.338956916099774, 0.0, 43.77672863917813
2.3439569160997733, 0.0, 41.49702322703111
2.3469569160997734, 0.0, 41.49702322703111
2.3539569160997735, 0.0, 39.73418961535331
2.3549569160997734, 0.0, 39.73418961535331
2.3629569160997734, 0.0, 39.62398623207223
2.3639569160997733, 0.0, 39.19116973742935
2.3709569160997734, 0.0, 39.19116973742935
2.3739569160997736, 0.0, 38.994884017813604
2.3789569160997734, 0.0, 38.994884017813604
2.3839569160997733, 0.0, 39.8396268742441
2.3869569160997735, 0.0, 39.8396268742441
2.3939569160997736, 0.0, 39.21517928501227
2.3949569160997735, 0.0, 39.21517928501227
2.4029569160997735, 0.0, 38.349064612985785
2.4039569160997734, 0.0, 37.94316830892993
2.4109569160997735, 0.0, 37.94316830892993
2.4139569160997736, 0.0, 38.20213480599947
2.4189569160997735, 0.0, 38.20213480599947
2.4239569160997734, 0.0, 36.67870793605231
2.4269569160997735, 0.0, 36.67870793605231
2.4339569160997736, 0.0, 34.456089967395826
2.4349569160997735, 0.0, 34.456089967395826
2.4429569160997735, 0.0, 35.05570163449332
2.4439569160997734, 0.0, 33.0945021435776
2.4509569160997735, 0.0, 33.0945021435776
2.4539569160997736, 0.0, 27.09985220453
2.4589569160997735, 0.0, 27.09985220453
2.4639569160997734, 0.0, 20.204887514202966
2.4669569160997735, 0.0, 20.204887514202966
2.4739569160997736, 0.0, 18.423874253617505
2.4749569160997735, 0.0, 18.423874253617505
2.4829569160997735, 0.0, 23.237158860118868
2.4839569160997734, 0.0, 26.849662995349263
2.4909569160997735, 0.0, 26.849662995349263
2.4939569160997737, 0.0, 26.700015336208924
2.4989569160997736, 0.0, 26.700015336208924
2.5039569160997734, 0.0, 23.926087601839143
2.5069569160997736, 0.0, 23.926087601839143
2.5139569160997737, 0.0, 21.65939296999831
2.5149569160997736, 0.0, 21.65939296999831
2.5229569160997736, 0.0, 19.843852369545118
2.5239569160997735, 0.0, 16.87351074222576
2.5309569160997736, 0.0, 16.87351074222576
2.5339569160997737, 0.0, 14.079224089766074
2.5389569160997736, 0.0, 14.079224089766074
2.5439569160997735, 0.0, 14.432598538216986
2.5469569160997736, 0.0, 14.432598538216986
2.5539569160997737, 0.0, 15.200995229843922
2.5549569160997736, 0.0, 15.200995229843922
2.5629569160997736, 0.0, 14.148018221068039
2.5639569160997735, 0.0, 11.776623246993331
2.5709569160997736, 0.0, 11.776623246993331
2.5739569160997737, 0.0, 10.426465395981147
2.5789569160997736, 0.0, 10.426465395981147
2.5839569160997735, 0.0, 11.273014021634996
2.5869569160997736, 0.0, 11.273014021634996
2.5939569160997733, 0.0, 12.654129339280122
2.5949569160997736, 0.0, 12.654129339280122
2.6029569160997736, 0.0, 12.387658596273196
2.6039569160997735, 0.0, 10.183291526670173
2.6109569160997737, 0.0, 10.183291526670173
2.6139569160997733, 0.0, 7.6597027302668765
2.6189569160997737, 0.0, 7.6597027302668765
2.6239569160997736, 0.0, 7.0215938221903365
2.6269569160997737, 0.0, 7.0215938221903365
2.6339569160997733, 0.0, 7.434670781867317
2.6349569160997737, 0.0, 7.434670781867317
2.6429569160997737, 0.0, 7.825872463970606
2.6439569160997736, 0.0, 7.470973385968806
2.6509569160997737, 0.0, 7.470973385968806
2.6539569160997734, 0.0, 7.340243169844085
2.6589569160997737, 0.0, 7.340243169844085
2.6639569160997736, 0.0, 7.928148332372967
2.6669569160997737, 0.0, 7.928148332372967
2.6739569160997734, 0.0, 9.610127508798882
2.6749569160997737, 0.0, 9.610127508798882
2.6829569160997737, 0.0, 13.379098490080523
2.6839569160997736, 0.0, 14.568003930747562
2.6909569160997737, 0.0, 14.568003930747562
2.6939569160997734, 0.0, 11.839251971263305
2.6989569160997737, 0.0, 11.839251971263305
2.7039569160997736, 0.0, 8.069922839047765
2.7069569160997737, 0.0, 8.069922839047765
2.7139569160997734, 0.0, 6.580969801176051
2.7149569160997737, 0.0, 6.580969801176051
2.7229569160997737, 0.0, 6.0081712184233105
2.7239569160997736, 0.0, 5.805392809957808
2.7309569160997738, 0.0, 5.805392809957808
2.7339569160997734, 0.0, 5.420967079461462
2.7389569160997738, 0.0, 5.420967079461462
2.7439569160997737, 0.0, 5.911376377600794
2.7469569160997738, 0.0, 5.911376377600794
2.7539569160997734, 0.0, 6.277974118373692
2.754956916099774, 0.0, 6.277974118373692
2.762956916099774, 0.0, 5.289052012842763
2.7639569160997737, 0.0, 3.76772302614766
2.770956916099774, 0.0, 3.76772302614766
2.7739569160997735, 0.0, 3.579154493131707
2.778956916099774, 0.0, 3.579154493131707
2.7839569160997737, 0.0, 5.026373128066557
2.786956916099774, 0.0, 5.026373128066557
2.7939569160997735, 0.0, 6.813740764682425
2.794956916099774, 0.0, 6.813740764682425
2.802956916099774, 0.0, 7.41589100072094
2.8039569160997737, 0.0, 6.348594441014111
2.810956916099774, 0.0, 6.348594441014111
2.8139569160997735, 0.0, 4.854216695345373
2.818956916099774, 0.0, 4.854216695345373
2.8239569160997737, 0.0, 5.185041638961422
2.826956916099774, 0.0, 5.185041638961422
2.8339569160997735, 0.0, 6.936736871025553
2.834956916099774, 0.0, 6.936736871025553
2.842956916099774, 0.0, 7.647206347369105
2.8439569160997733, 0.0, 6.394823003277219
2.8509569160997734, 0.0, 6.394823003277219
2.8539569160997735, 0.0, 5.137399404184979
2.8589569160997734, 0.0, 5.137399404184979
2.8639569160997733, 0.0, 5.6449107799173
2.8669569160997734, 0.0, 5.6449107799173
2.8739569160997736, 0.0, 6.2219390015066285
2.8749569160997734, 0.0, 6.2219390015066285
2.8829569160997734, 0.0, 5.6060937931907056
2.8839569160997733, 0.0, 3.9961602826592495
2.8909569160997735, 0.0, 3.9961602826592495
2.8939569160997736, 0.0, 3.2406921197593936
2.8989569160997735, 0.0, 3.2406921197593936
2.9039569160997734, 0.0, 5.022223232342515
2.9069569160997735, 0.0, 5.022223232342515
2.9139569160997736, 0.0, 6.117031222282857
2.9149569160997735, 0.0, 6.117031222282857
2.9229569160997735, 0.0, 5.664077967303882
2.9239569160997734, 0.0, 4.424020158052057
2.9309569160997735, 0.0, 4.424020158052057
2.9339569160997736, 0.0, 2.5008380035203412
2.9389569160997735, 0.0, 2.5008380035203412
2.9439569160997734, 0.0, 1.7664697516567762
2.9469569160997735, 0.0, 1.7664697516567762
2.9539569160997736, 0.0, 3.371535668794091
2.9549569160997735, 0.0, 3.371535668794091
2.9629569160997735, 0.0, 4.341859457014775
2.9639569160997734, 0.0, 4.104734582786546
2.9709569160997735, 0.0, 4.104734582786546
2.9739569160997736, 0.0, 3.3153473984577406
2.9789569160997735, 0.0, 3.3153473984577406
2.9839569160997734, 0.0, 4.079426688706277
2.9869569160997735, 0.0, 4.079426688706277
2.9939569160997737, 0.0, 6.22399835497907
2.9949569160997735, 0.0, 6.22399835497907
3.0029569160997736, 0.0, 7.332291257361094
3.0039569160997734, 0.0, 6.792816496671908
3.0109569160997736, 0.0, 6.792816496671908
3.0139569160997737, 0.0, 5.242819023704017
3.0189569160997736, 0.0, 5.242819023704017
3.0239569160997735, 0.0, 3.9516497022362005
3.0269569160997736, 0.0, 3.9516497022362005
3.0339569160997737, 0.0, 3.8629225440526627
3.0349569160997736, 0.0, 3.8629225440526627
3.0429569160997736, 0.0, 3.695731207829599
3.0439569160997735, 0.0, 3.8844043370954937
3.0509569160997736, 0.0, 3.8844043370954937
3.0539569160997737, 0.0, 4.72809460460882
3.0589569160997736, 0.0, 4.72809460460882
3.0639569160997735, 0.0, 5.950768377436566
3.0669569160997736, 0.0, 5.950768377436566
3.0739569160997737, 0.0, 7.5597219336881665
3.0749569160997736, 0.0, 7.5597219336881665
3.0829569160997736, 0.0, 7.778364330706907
3.0839569160997735, 0.0, 6.734002080033152
3.0909569160997736, 0.0, 6.734002080033152
3.0939569160997737, 0.0, 5.351049734160474
3.0989569160997736, 0.0, 5.351049734160474
3.1039569160997735, 0.0, 5.357020863853997
3.1069569160997736, 0.0, 5.357020863853997
3.1139569160997733, 0.0, 6.1954062450391145
3.1149569160997737, 0.0, 6.1954062450391145
3.1229569160997737, 0.0, 6.681060794228104
3.1239569160997736, 0.0, 6.361102218814645
3.1309569160997737, 0.0, 6.361102218814645
3.1339569160997733, 0.0, 5.397532636629929
3.1389569160997737, 0.0, 5.397532636629929
3.1439569160997736, 0.0, 4.0129692294643124
3.1469569160997737, 0.0, 4.0129692294643124
3.1539569160997734, 0.0, 2.961022597137254
3.1549569160997737, 0.0, 2.961022597137254
3.1629569160997737, 0.0, 2.3166101876774277
3.1639569160997736, 0.0, 1.7083706112361798
3.1709569160997737, 0.0, 1.7083706112361798
3.1739569160997734, 0.0, 2.4954539149381785
3.1789569160997737, 0.0, 2.4954539149381785
3.1839569160997736, 0.0, 3.889155912451199
3.1869569160997737, 0.0, 3.889155912451199
3.1939569160997734, 0.0, 4.840154708492249
3.1949569160997737, 0.0, 4.840154708492249
3.2029569160997737, 0.0, 5.171640217594726
3.2039569160997736, 0.0, 13.637678761203233
3.2109569160997737, 0.0, 13.637678761203233
3.2139569160997734, 0.0, 27.031795970431297
3.2189569160997737, 0.0, 27.031795970431297
3.2239569160997736, 0.0, 33.66220867429287
3.2269569160997738, 0.0, 33.66220867429287
3.2339569160997734, 0.0, 36.579922601947814
3.2349569160997738, 0.0, 36.579922601947814
3.2429569160997738, 0.0, 41.32352977408877
3.2439569160997737, 0.0, 44.17085716281618
3.2509569160997738, 0.0, 44.17085716281618
3.2539569160997734, 0.0, 43.11635464231844
3.258956916099774, 0.0, 43.11635464231844
3.2639569160997737, 0.0, 40.45415119801986
3.266956916099774, 0.0, 40.45415119801986
3.2739569160997735, 0.0, 39.10423492742127
3.274956916099774, 0.0, 39.10423492742127
3.282956916099774, 0.0, 37.41603852902585
3.2839569160997737, 0.0, 36.36804258694976
3.290956916099774, 0.0, 36.36804258694976
3.2939569160997735, 0.0, 41.58165344264052
3.298956916099774, 257.19459200545174, 41.58165344264052
3.3039569160997737, 257.19459200545174, 45.24377396041917
3.306956916099774, 238.54738052479547, 45.24377396041917
3.3139569160997735, 238.54738052479547, 45.95545381394527
3.314956916099774, 222.24708234207404, 45.95545381394527
3.322956916099774, 222.24708234207404, 45.54745516144842
3.3239569160997737, 222.24708234207404, 44.98024906154596
3.330956916099774, 219.27378449612988, 44.98024906154596
3.3339569160997735, 219.27378449612988, 44.761747030144434
3.338956916099774, 219.31686203382506, 44.761747030144434
3.3439569160997737, 219.31686203382506, 45.29053382867716
3.346956916099774, 219.9006280017801, 45.29053382867716
3.3539569160997735, 219.9006280017801, 45.890313407952654
3.354956916099774, 220.8720927766836, 45.890313407952654
3.362956916099774, 220.8720927766836, 45.89750362552436
3.3639569160997733, 220.8720927766836, 45.1232234130112
3.3709569160997734, 221.8683672057203, 45.1232234130112
3.3739569160997736, 221.8683672057203, 43.71977643465071
3.3789569160997734, 221.32700856961864, 43.71977643465071
3.3839569160997733, 221.32700856961864, 42.40596188178124
3.3869569160997735, 220.17692684839994, 42.40596188178124
3.3939569160997736, 220.17692684839994, 41.64508881040612
3.3949569160997735, 218.98273244132838, 41.64508881040612
3.4029569160997735, 218.98273244132838, 41.02370131382963
3.4039569160997734, 218.98273244132838, 39.86052597419605
3.4109569160997735, 216.0956264863988, 39.86052597419605
3.4139569160997736, 216.0956264863988, 38.065081654101576
3.4189569160997735, 212.15767845288485, 38.065081654101576
3.4239569160997734, 212.15767845288485, 35.97297054940954
3.4269569160997735, 0.0, 35.97297054940954
3.4339569160997736, 0.0, 33.48642487484835
3.4349569160997735, 0.0, 33.48642487484835
3.4429569160997735, 0.0, 30.536462774919343
3.4439569160997734, 0.0, 26.495359003464717
3.4509569160997735, 0.0, 26.495359003464717
3.4539569160997736, 0.0, 21.096311044432117
3.4589569160997735, 0.0, 21.096311044432117
3.4639569160997734, 0.0, 16.47941827965947
3.4669569160997735, 0.0, 16.47941827965947
3.4739569160997736, 0.0, 28.042482553347483
3.4749569160997735, 0.0, 28.042482553347483
3.4829569160997735, 0.0, 40.813655658649196
3.4839569160997734, 0.0, 46.94534021066249
3.4909569160997735, 0.0, 46.94534021066249
3.4939569160997737, 0.0, 47.979540552934175
3.4989569160997736, 0.0, 47.979540552934175
3.5039569160997734, 0.0, 45.80704728060741
3.5069569160997736, 0.0, 45.80704728060741
3.5139569160997737, 0.0, 46.14167962947532
3.5149569160997736, 0.0, 46.14167962947532
3.5229569160997736, 0.0, 49.195713556613
3.5239569160997735, 0.0, 51.98823175486468
3.5309569160997736, 0.0, 51.98823175486468
3.5339569160997737, 0.0, 53.53487535873843
3.5389569160997736, 0.0, 53.53487535873843
3.5439569160997735, 0.0, 53.6725768065796
3.5469569160997736, 0.0, 53.6725768065796
3.5539569160997737, 0.0, 53.53166503244077
3.5549569160997736, 0.0, 53.53166503244077
3.5629569160997736, 0.0, 53.84143749026691
3.5639569160997735, 0.0, 53.91541510558738
3.5709569160997736, 0.0, 53.91541510558738
3.5739569160997737, 0.0, 54.22994592476946
3.5789569160997736, 0.0, 54.22994592476946
3.5839569160997735, 0.0, 54.252875922095505
3.5869569160997736, 0.0, 54.252875922095505
3.5939569160997737, 0.0, 52.39009081450234
3.5949569160997736, 0.0, 52.39009081450234
3.6029569160997736, 0.0, 48.7400261251127
3.6039569160997735, 0.0, 43.904487408459936
3.6109569160997737, 0.0, 43.904487408459936
3.6139569160997733, 0.0, 39.141620588584736
3.6189569160997737, 0.0, 39.141620588584736
3.6239569160997736, 0.0, 35.71934515014894
3.6269569160997737, 0.0, 35.71934515014894
3.6339569160997733, 0.0, 32.513613769014086
3.6349569160997737, 0.0, 32.513613769014086
3.6429569160997737, 0.0, 29.203595946643503
3.6439569160997736, 0.0, 25.302479612080635
3.6509569160997737, 0.0, 25.302479612080635
3.6539569160997734, 0.0, 21.049886264727526
3.6589569160997737, 0.0, 21.049886264727526
3.6639569160997736, 0.0, 17.219994337714017
3.6669569160997737, 0.0, 17.219994337714017
3.6739569160997734, 0.0, 14.579133451799862
3.6749569160997737, 0.0, 14.579133451799862
3.6829569160997737, 0.0, 13.653807901148962
3.6839569160997736, 0.0, 20.60263925805936
3.6909569160997737, 0.0, 20.60263925805936
3.6939569160997734, 0.0, 33.43180176034417
3.6989569160997737, 0.0, 33.43180176034417
3.7039569160997736, 0.0, 40.33212263088381
3.7069569160997737, 0.0, 40.33212263088381
3.7139569160997734, 0.0, 42.010376742967765
3.7149569160997737, 0.0, 42.010376742967765
3.7229569160997737, 0.0, 41.312719226551515
3.7239569160997736, 0.0, 43.62026453734679
3.7309569160997738, 233.14016766419783, 43.62026453734679
3.7339569160997734, 233.14016766419783, 45.86739515011444
3.7389569160997738, 230.44680298061618, 45.86739515011444
3.7439569160997737, 230.44680298061618, 47.51665425701547
3.7469569160997738, 229.84081889179447, 47.51665425701547
3.7539569160997734, 229.84081889179447, 49.42209310241944
3.754956916099774, 230.00721797019952, 49.42209310241944
3.762956916099774, 230.00721797019952, 51.32382547750475
3.7639569160997737, 230.00721797019952, 52.43706940995173
3.770956916099774, 229.87109326463604, 52.43706940995173
3.7739569160997735, 229.87109326463604, 52.80354761095241
3.778956916099774, 229.2604554998021, 52.80354761095241
3.7839569160997737, 229.2604554998021, 52.408338912792296
3.786956916099774, 229.74241787941182, 52.408338912792296
3.7939569160997735, 229.74241787941182, 51.22129921286792
3.794956916099774, 230.0441465217298, 51.22129921286792
3.802956916099774, 230.0441465217298, 49.600107943272356
3.8039569160997737, 230.0441465217298, 48.68596495833302
3.810956916099774, 230.29044300020928, 48.68596495833302
3.8139569160997735, 230.29044300020928, 49.0296236090349
3.818956916099774, 230.4446459139671, 49.0296236090349
3.8239569160997737, 230.4446459139671, 49.28371421704777
3.826956916099774, 230.7577541975347, 49.28371421704777
3.8339569160997735, 230.7577541975347, 49.458594542057774
3.834956916099774, 230.5117584872815, 49.458594542057774
3.842956916099774, 230.5117584872815, 49.60632415768706
3.8439569160997737, 230.5117584872815, 48.8531841395028
3.850956916099774, 229.96791208167812, 48.8531841395028
3.8539569160997735, 229.96791208167812, 46.96803007973244
3.858956916099774, 229.02647480251918, 46.96803007973244
3.8639569160997733, 229.02647480251918, 44.10304160997115
3.866956916099774, 229.53232142012584, 44.10304160997115
3.8739569160997736, 229.53232142012584, 41.72488854569465
3.8749569160997734, 229.98704498101944, 41.72488854569465
3.8829569160997734, 229.98704498101944, 41.18706723526253
3.8839569160997733, 229.98704498101944, 41.632582276708646
3.8909569160997735, 230.83069502478872, 41.632582276708646
3.8939569160997736, 230.83069502478872, 42.36878790236695
3.8989569160997735, 231.87456722634312, 42.36878790236695
3.9039569160997734, 231.87456722634312, 43.36088184120862
3.9069569160997735, 232.9799256091335, 43.36088184120862
3.9139569160997736, 232.9799256091335, 44.662024479367666
3.9149569160997735, 234.55355874070386, 44.662024479367666
3.9229569160997735, 234.55355874070386, 46.26687774273407
3.9239569160997734, 234.55355874070386, 47.82511214234006
3.9309569160997735, 235.47258022402815, 47.82511214234006
3.9339569160997736, 235.47258022402815, 48.93694129299299
3.9389569160997735, 235.42051087213616, 48.93694129299299
3.9439569160997734, 235.42051087213616, 49.83271033318381
3.9469569160997735, 236.28326479908637, 49.83271033318381
3.9539569160997736, 236.28326479908637, 50.74044017397248
3.9549569160997735, 237.46442729061278, 50.74044017397248
3.9629569160997735, 237.46442729061278, 51.08904333143785
3.9639569160997734, 237.46442729061278, 51.00307743908853
3.9709569160997735, 238.09459839571224, 51.00307743908853
3.9739569160997736, 238.09459839571224, 51.09480624231877
3.9789569160997735, 238.56370189302103, 51.09480624231877
3.9839569160997734, 238.56370189302103, 51.07767896745068
3.9869569160997735, 238.3966466734049, 51.07767896745068
3.9939569160997737, 238.3966466734049, 50.84601206672879
3.9949569160997735, 237.0412212804975, 50.84601206672879
4.002956916099773, 237.0412212804975, 50.45486274360886
4.0039569160997734, 237.0412212804975, 50.00240550941375
4.010956916099774, 234.62639678873438, 50.00240550941375
4.013956916099774, 234.62639678873438, 49.344910911210945
4.018956916099773, 231.2094204651861, 49.344910911210945
4.023956916099774, 231.2094204651861, 48.09107478294166
4.026956916099774, 226.58123302198354, 48.09107478294166
4.033956916099774, 226.58123302198354, 46.08135603061082
4.034956916099773, 220.04595884129336, 46.08135603061082
4.042956916099774, 220.04595884129336, 44.08468747403192
4.043956916099774, 220.04595884129336, 43.96517927366868
4.050956916099773, 212.71754942509753, 43.96517927366868
4.053956916099774, 212.71754942509753, 45.285660777199155
4.058956916099774, 206.2762158081656, 45.285660777199155
4.063956916099774, 206.2762158081656, 46.10000218195373
4.066956916099773, 197.61391152891193, 46.10000218195373
4.073956916099774, 197.61391152891193, 45.98692849157938
4.074956916099774, 190.35573300649338, 45.98692849157938
4.082956916099773, 190.35573300649338, 45.705921617584394
4.083956916099774, 190.35573300649338, 44.71867992142109
4.090956916099774, 182.66976912266702, 44.71867992142109
4.093956916099774, 182.66976912266702, 43.07988188729902
4.098956916099773, 178.5021869286921, 43.07988188729902
4.103956916099774, 178.5021869286921, 42.05908765413781
4.106956916099774, 171.03022700971755, 42.05908765413781
4.113956916099774, 171.03022700971755, 41.52390155524621
4.114956916099773, 0.0, 41.52390155524621
4.122956916099774, 0.0, 43.46724702081963
4.1239569160997736, 0.0, 46.03667080869829
4.130956916099773, 0.0, 46.03667080869829
4.133956916099774, 0.0, 46.07129628290708
4.138956916099774, 0.0, 46.07129628290708
4.143956916099774, 0.0, 44.16248323719397
4.146956916099773, 0.0, 44.16248323719397
4.153956916099774, 0.0, 42.83852433185756
4.154956916099774, 0.0, 42.83852433185756
4.162956916099773, 0.0, 43.05477401797616
4.163956916099774, 0.0, 43.510614769476476
4.170956916099774, 0.0, 43.510614769476476
4.173956916099774, 0.0, 42.60213935950803
4.178956916099773, 0.0, 42.60213935950803
4.183956916099774, 0.0, 39.97583669450818
4.186956916099774, 0.0, 39.97583669450818
4.193956916099774, 0.0, 40.45948262316743
4.194956916099773, 0.0, 40.45948262316743
4.202956916099774, 0.0, 40.472610117479945
4.203956916099774, 0.0, 38.87772899532839
4.210956916099773, 0.0, 38.87772899532839
4.213956916099774, 0.0, 39.416722564201464
4.218956916099774, 0.0, 39.416722564201464
4.223956916099774, 0.0, 38.92904224464945
4.226956916099773, 0.0, 38.92904224464945
4.233956916099774, 0.0, 35.80283046944664
4.234956916099774, 0.0, 35.80283046944664
4.242956916099773, 0.0, 33.02036001442411
4.243956916099774, 0.0, 32.54803856696999
4.250956916099774, 0.0, 32.54803856696999
4.253956916099774, 0.0, 29.60137465478534
4.258956916099773, 0.0, 29.60137465478534
4.263956916099774, 0.0, 24.82762232662089
4.266956916099774, 0.0, 24.82762232662089
4.273956916099774, 0.0, 23.390539642793293
4.274956916099773, 0.0, 23.390539642793293
4.282956916099774, 0.0, 22.49037970078573
4.283956916099774, 0.0, 21.063775132473985
4.290956916099773, 0.0, 21.063775132473985
4.293956916099774, 0.0, 20.249240994011686
4.298956916099774, 0.0, 20.249240994011686
4.303956916099774, 0.0, 18.27169580816142
4.306956916099773, 0.0, 18.27169580816142
4.313956916099774, 0.0, 17.709490735733773
4.314956916099774, 0.0, 17.709490735733773
4.322956916099773, 0.0, 19.611104003170865
4.323956916099774, 0.0, 19.07444958740229
4.330956916099774, 0.0, 19.07444958740229
4.333956916099774, 0.0, 16.487488363003116
4.338956916099773, 0.0, 16.487488363003116
4.343956916099774, 0.0, 14.932822916660706
4.346956916099774, 0.0, 14.932822916660706
4.353956916099774, 0.0, 13.472306333733894
4.354956916099773, 0.0, 13.472306333733894
4.362956916099774, 0.0, 11.289945847492167
4.363956916099774, 0.0, 10.762851580771983
4.370956916099773, 0.0, 10.762851580771983
4.373956916099774, 0.0, 11.712306561616863
4.378956916099774, 0.0, 11.712306561616863
4.383956916099774, 0.0, 11.642071264229916
4.3869569160997735, 0.0, 11.642071264229916
4.393956916099774, 0.0, 10.54998334723017
4.394956916099774, 0.0, 10.54998334723017
4.4029569160997735, 0.0, 10.096465357787924
4.403956916099774, 0.0, 10.341200110518693
4.410956916099774, 0.0, 10.341200110518693
4.413956916099774, 0.0, 9.476798150656219
4.4189569160997735, 0.0, 9.476798150656219
4.423956916099774, 0.0, 9.646779208082041
4.426956916099774, 0.0, 9.646779208082041
4.433956916099774, 0.0, 10.387148386807514
4.4349569160997735, 0.0, 10.387148386807514
4.442956916099774, 0.0, 10.241132907219466
4.443956916099774, 0.0, 9.906005687908857
4.4509569160997735, 0.0, 9.906005687908857
4.453956916099774, 0.0, 8.888638924914716
4.458956916099774, 0.0, 8.888638924914716
4.463956916099774, 0.0, 8.745296863960544
4.4669569160997735, 0.0, 8.745296863960544
4.473956916099774, 0.0, 8.5863791357676
4.474956916099774, 0.0, 8.5863791357676
4.4829569160997735, 0.0, 7.596752347956816
4.483956916099774, 0.0, 7.5860372871248485
4.490956916099774, 0.0, 7.5860372871248485
4.493956916099774, 0.0, 8.074369250692323
4.4989569160997736, 0.0, 8.074369250692323
4.503956916099774, 0.0, 7.190505450792944
4.5069569160997744, 0.0, 7.190505450792944
4.513956916099774, 0.0, 5.740357096567539
4.514956916099774, 0.0, 5.740357096567539
4.5229569160997745, 0.0, 5.569074088020331
4.523956916099774, 0.0, 6.285354547467752
4.530956916099774, 0.0, 6.285354547467752
4.533956916099774, 0.0, 6.526895854386675
4.5389569160997745, 0.0, 6.526895854386675
4.543956916099774, 0.0, 5.756662011477648
4.546956916099774, 0.0, 5.756662011477648
4.553956916099774, 0.0, 4.532937908308212
4.5549569160997745, 0.0, 4.532937908308212
4.562956916099774, 0.0, 3.4819504555245375
4.563956916099774, 0.0, 2.728649592423541
4.5709569160997745, 0.0, 2.728649592423541
4.573956916099774, 0.0, 2.627538784180421
4.578956916099774, 0.0, 2.627538784180421
4.583956916099774, 0.0, 2.7245057515066295
4.5869569160997745, 0.0, 2.7245057515066295
4.593956916099774, 0.0, 3.9996239054720233
4.594956916099774, 0.0, 3.9996239054720233
4.6029569160997745, 0.0, 5.904181725376363
4.603956916099774, 0.0, 5.979362659214705
4.610956916099774, 0.0, 5.979362659214705
4.613956916099774, 0.0, 4.530350165915284
4.6189569160997745, 0.0, 4.530350165915284
4.623956916099774, 0.0, 3.1894197149576824
4.626956916099774, 0.0, 3.1894197149576824
4.633956916099774, 0.0, 3.533382904724988
4.634956916099775, 0.0, 3.533382904724988
4.642956916099774, 0.0, 4.2913242456993785
4.643956916099774, 0.0, 4.03916386501178
4.650956916099773, 0.0, 4.03916386501178
4.653956916099774, 0.0, 3.493928891244014
4.658956916099774, 0.0, 3.493928891244014
4.663956916099774, 0.0, 3.774774043188934
4.666956916099773, 0.0, 3.774774043188934
4.673956916099774, 0.0, 3.6341836115201436
4.674956916099774, 0.0, 3.6341836115201436
4.682956916099773, 0.0, 3.629396063573112
4.683956916099774, 0.0, 3.5032174154806532
4.690956916099774, 0.0, 3.5032174154806532
4.693956916099774, 0.0, 2.49178326287629
4.698956916099773, 0.0, 2.49178326287629
4.703956916099774, 0.0, 1.9850355836512825
4.706956916099774, 0.0, 1.9850355836512825
4.713956916099774, 0.0, 1.346558219733489
4.714956916099773, 0.0, 1.346558219733489
4.722956916099774, 0.0, 0.31928017913254025
4.723956916099774, 0.0, 0.33828811500546374
4.730956916099773, 0.0, 0.33828811500546374
4.733956916099774, 0.0, 1.067670170815128
4.738956916099774, 0.0, 1.067670170815128
4.743956916099774, 0.0, 2.6726311020746962
4.746956916099773, 0.0, 2.6726311020746962
4.753956916099774, 0.0, 4.212654924023263
4.754956916099774, 0.0, 4.212654924023263
4.762956916099773, 0.0, 3.983376419359688
4.763956916099774, 0.0, 3.115305518385838
4.770956916099774, 0.0, 3.115305518385838
4.773956916099774, 0.0, 2.642557868022308
4.778956916099773, 0.0, 2.642557868022308
4.783956916099774, 0.0, 1.5532159294152181
4.786956916099774, 0.0, 1.5532159294152181
4.793956916099774, 0.0, 0.5807957236749678
4.794956916099773, 0.0, 0.5807957236749678
4.802956916099774, 0.0, 0.7311064272694489
4.803956916099774, 0.0, 1.3474120659904512
4.810956916099773, 0.0, 1.3474120659904512
4.813956916099774, 0.0, 1.7606257021551173
4.818956916099774, 0.0, 1.7606257021551173
4.823956916099774, 0.0, 1.52576885811618
4.826956916099773, 0.0, 1.52576885811618
4.833956916099774, 0.0, 1.163572081451508
4.834956916099774, 0.0, 1.163572081451508
4.842956916099773, 0.0, 1.0807319423683177
4.843956916099774, 0.0, 1.2603868871685278
4.850956916099774, 0.0, 1.2603868871685278
4.853956916099774, 0.0, 1.5009541068073458
4.858956916099773, 0.0, 1.5009541068073458
4.863956916099774, 0.0, 0.7583831848565628
4.866956916099774, 0.0, 0.7583831848565628
4.873956916099774, 0.0, 0.5323708143112195
4.874956916099773, 0.0, 0.5323708143112195
4.882956916099774, 0.0, 0.8240377651995701
4.883956916099774, 0.0, 0.3907176374286915
4.890956916099773, 0.0, 0.3907176374286915
4.893956916099774, 0.0, 0.41026124472611236
4.898956916099774, 0.0, 0.41026124472611236
4.903956916099774, 0.0, 1.1143567552422609
4.906956916099773, 0.0, 1.1143567552422609
4.913956916099774, 0.0, 2.7522819188916707
4.914956916099774, 0.0, 2.7522819188916707
4.922956916099773, 0.0, 4.114278405218094
4.923956916099774, 0.0, 4.274108486276416
4.930956916099774, 0.0, 4.274108486276416
4.933956916099774, 0.0, 3.286134726126519
4.938956916099773, 0.0, 3.286134726126519
4.943956916099774, 0.0, 3.7909015324550777
4.946956916099774, 0.0, 3.7909015324550777
4.953956916099774, 0.0, 5.060181675781285
4.954956916099773, 0.0, 5.060181675781285
4.962956916099774, 0.0, 5.6377886801671035
4.963956916099774, 0.0, 5.541455892356474
4.970956916099773, 0.0, 5.541455892356474
4.973956916099774, 0.0, 3.950502405192961
4.978956916099774, 0.0, 3.950502405192961
4.983956916099774, 0.0, 2.4569325930096393
4.986956916099773, 0.0, 2.4569325930096393
4.993956916099774, 0.0, 2.259264511357731
4.994956916099774, 0.0, 2.259264511357731
5.002956916099773, 0.0, 1.8644151971574197
5.003956916099774, 0.0, 2.0219280298748914
5.010956916099774, 0.0, 2.0219280298748914
5.013956916099774, 0.0, 3.5559520176474964
5.018956916099773, 0.0, 3.5559520176474964
5.023956916099774, 0.0, 4.612914004995698
5.026956916099774, 0.0, 4.612914004995698
5.033956916099774, 0.0, 4.333714149311322
5.034956916099773, 0.0, 4.333714149311322
5.042956916099774, 0.0, 2.945184586860225
5.043956916099774, 0.0, 2.164312281696005
5.050956916099773, 0.0, 2.164312281696005
5.053956916099774, 0.0, 3.430784451730411
5.058956916099774, 0.0, 3.430784451730411
5.063956916099774, 0.0, 4.372435325150593
5.066956916099773, 0.0, 4.372435325150593
5.073956916099774, 0.0, 4.554419622597211
5.074956916099774, 0.0, 4.554419622597211
5.082956916099773, 0.0, 4.683982569214448
5.083956916099774, 0.0, 4.998365046715616
5.090956916099774, 0.0, 4.998365046715616
5.093956916099774, 0.0, 4.944089059235672
5.098956916099773, 0.0, 4.944089059235672
5.103956916099774, 0.0, 4.322515857469015
5.106956916099774, 0.0, 4.322515857469015
5.113956916099774, 0.0, 3.9494503914805748
5.114956916099773, 0.0, 3.9494503914805748
5.122956916099774, 0.0, 4.199415215726134
5.123956916099774, 0.0, 4.458367736777974
5.130956916099773, 0.0, 4.458367736777974
5.133956916099774, 0.0, 3.336882263507829
5.138956916099774, 0.0, 3.336882263507829
5.143956916099774, 0.0, 2.0857256296478557
5.146956916099773, 0.0, 2.0857256296478557
5.153956916099774, 0.0, 3.1958088060224776
5.154956916099774, 0.0, 3.1958088060224776
5.162956916099773, 0.0, 4.15845737722983
5.163956916099774, 0.0, 4.531121256758937
5.170956916099774, 0.0, 4.531121256758937
5.173956916099774, 0.0, 3.924767115866274
5.178956916099773, 0.0, 3.924767115866274
5.183956916099774, 0.0, 2.89238538202567
5.186956916099774, 0.0, 2.89238538202567
5.193956916099774, 0.0, 2.7127014195503794
5.194956916099773, 0.0, 2.7127014195503794
5.202956916099774, 0.0, 2.597908415239755
5.203956916099774, 0.0, 2.688348296070238
5.210956916099773, 0.0, 2.688348296070238
5.213956916099774, 0.0, 3.3488203558097474
5.218956916099774, 0.0, 3.3488203558097474
5.223956916099774, 0.0, 3.901166762915893
5.226956916099773, 0.0, 3.901166762915893
5.233956916099774, 0.0, 3.4695725185971145
5.234956916099774, 0.0, 3.4695725185971145
5.242956916099773, 0.0, 2.8419879178349943
5.243956916099774, 0.0, 3.4574534049807677
5.250956916099774, 0.0, 3.4574534049807677
5.253956916099774, 0.0, 5.097713208009148
5.258956916099773, 0.0, 5.097713208009148
5.263956916099774, 0.0, 5.921657495282392
5.266956916099774, 0.0, 5.921657495282392
5.273956916099774, 0.0, 5.828366742080973
5.274956916099773, 0.0, 5.828366742080973
5.282956916099774, 0.0, 6.2663199944566825
5.283956916099774, 0.0, 6.9098540143915095
5.290956916099773, 0.0, 6.9098540143915095
5.293956916099774, 0.0, 7.020759479109586
5.298956916099774, 0.0, 7.020759479109586
5.303956916099774, 0.0, 6.755065448513886
5.306956916099773, 0.0, 6.755065448513886
5.313956916099774, 0.0, 6.119278388053192
5.314956916099774, 0.0, 6.119278388053192
5.322956916099773, 0.0, 6.233516690166114
5.323956916099774, 0.0, 6.156330274058109
5.330956916099774, 0.0, 6.156330274058109
5.333956916099774, 0.0, 5.787046533572036
5.338956916099773, 0.0, 5.787046533572036
5.343956916099774, 0.0, 8.59593555953031
5.346956916099774, 0.0, 8.59593555953031
5.353956916099774, 0.0, 12.63748525565701
5.354956916099773, 0.0, 12.63748525565701
5.362956916099774, 0.0, 13.520187255256042
5.363956916099774, 0.0, 11.057257606459991
5.370956916099773, 0.0, 11.057257606459991
5.373956916099774, 0.0, 8.1158970806253
5.378956916099774, 0.0, 8.1158970806253
5.383956916099774, 0.0, 7.9409297309820595
5.3869569160997735, 0.0, 7.9409297309820595
5.393956916099774, 0.0, 10.40143627905431
5.394956916099774, 0.0, 10.40143627905431
5.4029569160997735, 0.0, 11.081095616194101
5.403956916099774, 0.0, 8.723636164060824
5.410956916099774, 0.0, 8.723636164060824
5.413956916099774, 0.0, 6.472201796734693
5.4189569160997735, 0.0, 6.472201796734693
5.423956916099774, 0.0, 6.066148903142864
5.426956916099774, 0.0, 6.066148903142864
5.433956916099774, 0.0, 6.102938579772145
5.4349569160997735, 0.0, 6.102938579772145
5.442956916099774, 0.0, 6.087508444846604
5.443956916099774, 0.0, 6.570284641366282
5.4509569160997735, 0.0, 6.570284641366282
5.453956916099774, 0.0, 7.266923186542859
5.458956916099774, 0.0, 7.266923186542859
5.463956916099774, 0.0, 8.250642953833204
5.4669569160997735, 0.0, 8.250642953833204
5.473956916099774, 0.0, 8.66057373617913
5.474956916099774, 0.0, 8.66057373617913
5.4829569160997735, 0.0, 7.783465910896075
5.483956916099774, 0.0, 5.795561011925088
5.490956916099774, 0.0, 5.795561011925088
5.493956916099774, 0.0, 3.7839246275245477
5.4989569160997736, 0.0, 3.7839246275245477
5.503956916099774, 0.0, 3.1612769668761636
5.5069569160997744, 0.0, 3.1612769668761636
5.513956916099774, 0.0, 3.130157195554495
5.514956916099774, 0.0, 3.130157195554495
5.5229569160997745, 0.0, 3.266884316927306
5.523956916099774, 0.0, 3.815169295741267
5.530956916099774, 0.0, 3.815169295741267
5.533956916099774, 0.0, 4.837025680494102
5.5389569160997745, 0.0, 4.837025680494102
5.543956916099774, 0.0, 6.015779075110435
5.546956916099774, 0.0, 6.015779075110435
5.553956916099774, 0.0, 6.100800821512131
5.5549569160997745, 0.0, 6.100800821512131
5.562956916099774, 0.0, 4.656991992659558
5.563956916099774, 0.0, 4.281861464795371
5.5709569160997745, 0.0, 4.281861464795371
5.573956916099774, 0.0, 5.615265295667977
5.578956916099774, 0.0, 5.615265295667977
5.583956916099774, 0.0, 5.7365862891739505
5.5869569160997745, 0.0, 5.7365862891739505
5.593956916099774, 0.0, 3.763257712904922
5.594956916099774, 0.0, 3.763257712904922
5.6029569160997745, 0.0, 2.303088242353571
5.603956916099774, 0.0, 2.0047766326447167
5.610956916099774, 0.0, 2.0047766326447167
5.613956916099774, 0.0, 1.4529405375585405
5.6189569160997745, 0.0, 1.4529405375585405
5.623956916099774, 0.0, 2.0648467512400943
5.626956916099774, 0.0, 2.0648467512400943
5.633956916099774, 0.0, 3.2011320155873504
5.634956916099775, 0.0, 3.2011320155873504
5.642956916099774, 0.0, 4.268485719869809
5.643956916099774, 0.0, 4.672790245949955
5.650956916099775, 0.0, 4.672790245949955
5.653956916099774, 0.0, 3.74024058198496
5.658956916099774, 0.0, 3.74024058198496
5.663956916099774, 0.0, 2.228991566327952
5.666956916099773, 0.0, 2.228991566327952
5.673956916099774, 0.0, 2.1966801870951542
5.674956916099774, 0.0, 2.1966801870951542
5.682956916099773, 0.0, 3.1595564679584784
